subreddit,chi,avg_pain,avg_vis,opp_score,samples,top_pain_title
Entrepreneur,0.705913896558342,0.3125366510402425,2.027544774489803,2.206239651531124,15,Do I really need a registered 
Startups,0.62092117282995,0.27523007532905214,1.9076006131328802,1.7089618117139052,15,I've seen hundreds of pitch de
Productivity,0.49019420899716504,0.28813281915692684,3.124045836018367,1.4124103937275296,15,"Started keeping a ""finished ta"
SideProject,0.41502250775296196,0.24605384304438557,3.3928329996369473,1.0211788298253461,15,Zero coding experience to App 
Python,0.3038902657930219,0.2617376887952201,1.6668995715909858,0.7953953581603068,15,Your backend system in a few l
DataScience,0.32213236835333464,0.23837495009396523,2.8684930074894677,0.7678828722987697,15,Deciding on an offer: Higher S
WebDev,0.31323272526236895,0.22449380456476925,3.2150948083364903,0.7031880620834031,15,Just made my web app live in p
SaaS,0.33051854958237314,0.20968962941922034,2.4444775619663877,0.6930631217810602,15,Does someone want to invest in
SmallBusiness,0.25155158936427763,0.21915926157455617,2.1518997930823374,0.5512986057298106,15,California Rant
Marketing,0.262402378806648,0.19915568715300364,1.6291903428123788,0.5225892606182074,15,Which marketing channel gave y
RealEstate,0.2508078258439058,0.20325020017858889,1.5905418778997376,0.5097674080913052,15,New build vs older
Investing,0.11956465796418331,0.1551590902730368,2.4235597888564997,0.18551543558529482,15,Does anyone know a screener wh
WallStreetBets,0.024212973057111415,0.1092127173146624,5.961918463080083,0.02644364581833846,15,Stegosaurus pattern is back on
